purchase_month,n_orders,gmv
2017-01-01,787,120098.27
2017-02-01,1718,244959.35
2017-03-01,2617,368341.32
2017-04-01,2377,353842.98
2017-05-01,3640,503159.19
2017-06-01,3205,429916.61
2017-07-01,3946,492287.30
2017-08-01,4272,568245.79
2017-09-01,4227,621415.91
2017-10-01,4547,660179.62
2017-11-01,7423,1003862.14
2017-12-01,5620,742183.79
2018-01-01,7187,945456.29
2018-02-01,6625,837895.43
2018-03-01,7168,981051.06
2018-04-01,6919,993592.98
2018-05-01,6833,992871.75
2018-06-01,6145,863265.53
2018-07-01,6233,878044.27
2018-08-01,6421,848860.10
