breakdown,breakdown_value,n_orders,gmv,aov
month,2017-01-01,787,120098.27,152.60
month,2017-02-01,1718,244959.35,142.58
month,2017-03-01,2617,368341.32,140.75
month,2017-04-01,2377,353842.98,148.86
month,2017-05-01,3640,503159.19,138.23
month,2017-06-01,3205,429916.61,134.14
month,2017-07-01,3946,492287.30,124.76
month,2017-08-01,4272,568245.79,133.02
month,2017-09-01,4227,621415.91,147.01
month,2017-10-01,4547,660179.62,145.19
month,2017-11-01,7423,1003862.14,135.27
month,2017-12-01,5620,742183.79,132.11
month,2018-01-01,7187,945456.29,131.55
month,2018-02-01,6625,837895.43,126.49
month,2018-03-01,7168,981051.06,136.87
month,2018-04-01,6919,993592.98,143.60
month,2018-05-01,6833,992871.75,145.31
month,2018-06-01,6145,863265.53,140.48
month,2018-07-01,6233,878044.27,140.87
month,2018-08-01,6421,848860.10,132.20
state,AC,81,15982.95,197.32
state,AL,411,80314.81,195.41
state,AM,147,22356.84,152.09
state,AP,68,13474.30,198.15
state,BA,3344,507108.83,151.65
state,CE,1323,226264.06,171.02
state,DF,2121,300886.45,141.93
state,ES,2018,273532.13,135.55
state,GO,1998,287870.46,144.08
state,MA,736,119291.62,162.08
state,MG,11496,1573508.20,136.87
state,MS,708,116754.65,164.91
state,MT,902,156313.53,173.30
state,PA,969,178821.12,184.54
state,PB,531,114874.10,216.34
state,PE,1643,261739.94,159.31
state,PI,490,86660.09,176.86
state,PR,4983,676883.06,135.87
state,RJ,12698,1811623.42,142.68
state,RN,482,83034.98,172.27
state,RO,246,46031.64,187.12
state,RR,45,7739.44,171.99
state,RS,5417,742559.78,137.13
state,SC,3600,518578.28,144.09
state,SE,345,58920.85,170.79
state,SP,41127,5163867.22,125.57
state,TO,278,49407.99,177.73
