cohort_month,cohort_size,m1_pct,m2_pct,m3_pct,m4_pct,m5_pct,m6_pct
2017-01-01,752,0.40,0.27,0.13,0.40,0.13,0.40
2017-02-01,1690,0.24,0.30,0.12,0.41,0.12,0.24
2017-03-01,2571,0.51,0.35,0.39,0.35,0.16,0.16
2017-04-01,2325,0.60,0.22,0.17,0.30,0.26,0.34
2017-05-01,3541,0.48,0.48,0.40,0.31,0.34,0.42
2017-06-01,3102,0.45,0.35,0.39,0.26,0.39,0.35
2017-07-01,3822,0.52,0.34,0.24,0.29,0.21,0.31
2017-08-01,4130,0.68,0.34,0.27,0.36,0.53,0.29
2017-09-01,4075,0.69,0.54,0.29,0.44,0.22,0.22
2017-10-01,4392,0.71,0.25,0.09,0.23,0.20,0.20
2017-11-01,7190,0.56,0.39,0.17,0.19,0.18,0.11
2017-12-01,5439,0.22,0.28,0.35,0.26,0.20,0.17
2018-01-01,6951,0.33,0.36,0.29,0.29,0.16,0.17
2018-02-01,6357,0.36,0.39,0.30,0.27,0.22,0.20
2018-03-01,6931,0.40,0.30,0.29,0.13,0.12,
2018-04-01,6698,0.58,0.31,0.24,0.13,,
2018-05-01,6586,0.52,0.26,0.20,,,
2018-06-01,5920,0.42,0.27,,,,
2018-07-01,6016,0.52,,,,,
2018-08-01,6209,0.02,,,,,
