late_rank,customer_state,n_delivered,n_late,late_pct,avg_delivery_days,avg_promised_days
1,AL,397,85,21.41,24.5,33.2
2,MA,717,125,17.43,21.5,31.1
3,SE,335,51,15.22,21.5,31.5
4,PI,476,66,13.87,19.4,30.7
5,CE,1279,176,13.76,21.2,32.0
6,RR,41,5,12.20,29.3,46.6
7,BA,3256,396,12.16,19.3,30.1
8,RJ,12350,1495,12.11,15.2,27.0
9,PA,946,106,11.21,23.7,37.8
10,ES,1995,214,10.73,15.7,26.2
11,PB,517,54,10.44,20.4,33.6
12,TO,274,27,9.85,17.6,29.7
13,MS,701,68,9.70,15.5,26.6
14,PE,1593,153,9.60,18.4,31.7
15,RN,474,44,9.28,19.2,32.9
16,SC,3546,291,8.21,14.9,26.4
17,GO,1957,128,6.54,15.5,27.7
18,RS,5344,325,6.08,15.2,29.2
19,MT,886,53,5.98,18.0,32.4
20,DF,2080,118,5.67,12.9,24.9
21,MG,11354,519,4.57,11.9,25.2
22,SP,40494,1820,4.49,8.7,19.8
23,PR,4923,199,4.04,11.9,25.3
24,AC,80,3,3.75,21.0,41.7
25,AP,67,2,2.99,27.2,46.9
26,RO,243,7,2.88,19.3,39.4
27,AM,145,4,2.76,26.4,45.9
