purchase_month,n_orders,n_canceled,n_unavailable,n_not_delivered,canceled_pct,not_delivered_pct
2017-01-01,800,3,10,50,0.38,6.25
2017-02-01,1780,17,45,127,0.96,7.13
2017-03-01,2682,33,32,136,1.23,5.07
2017-04-01,2404,18,9,101,0.75,4.20
2017-05-01,3700,29,31,154,0.78,4.16
2017-06-01,3245,16,24,110,0.49,3.39
2017-07-01,4026,28,52,154,0.70,3.83
2017-08-01,4331,27,32,138,0.62,3.19
2017-09-01,4285,20,38,135,0.47,3.15
2017-10-01,4631,26,58,153,0.56,3.30
2017-11-01,7544,37,84,255,0.49,3.38
2017-12-01,5673,11,42,160,0.19,2.82
2018-01-01,7269,34,48,200,0.47,2.75
2018-02-01,6728,73,30,173,1.09,2.57
2018-03-01,7211,26,17,208,0.36,2.88
2018-04-01,6939,15,5,141,0.22,2.03
2018-05-01,6873,24,16,124,0.35,1.80
2018-06-01,6167,18,4,68,0.29,1.10
2018-07-01,6292,41,18,133,0.65,2.11
2018-08-01,6512,84,7,161,1.29,2.47
