days_late,n_orders,avg_review,low_review_share
-20.0,2949,4.36656493726687,0.07934893184130214
-19.0,2693,4.358707760861493,0.07872261418492388
-18.0,3116,4.330872913992298,0.08857509627727857
-17.0,3398,4.336668628605062,0.08563861094761624
-16.0,3888,4.3335905349794235,0.08153292181069959
-15.0,5318,4.348063181647236,0.08424219631440391
-14.0,7090,4.328631875881523,0.09125528913963328
-13.0,5926,4.338002024974688,0.08218022274721566
-12.0,4526,4.310870525850641,0.08837825894829872
-11.0,4592,4.301393728222997,0.09059233449477352
-10.0,4618,4.332611520138588,0.08077089649198788
-9.0,4606,4.291793313069909,0.09205384281372124
-8.0,4800,4.255625,0.09854166666666667
-7.0,4815,4.255867082035306,0.09345794392523364
-6.0,3603,4.245351096308632,0.09436580627255066
-5.0,2208,4.194746376811594,0.10778985507246377
-4.0,1903,4.1460851287440885,0.11035207566999475
-3.0,1715,4.121282798833819,0.10903790087463557
-2.0,1540,4.123376623376624,0.11753246753246753
-1.0,1450,4.1579310344827585,0.1103448275862069
0.0,1280,4.03359375,0.12421875
1.0,820,3.731707317073171,0.19634146341463415
2.0,536,3.1791044776119404,0.34328358208955223
3.0,496,2.683467741935484,0.5040322580645161
4.0,436,2.4977064220183487,0.5596330275229358
5.0,434,2.195852534562212,0.6451612903225806
6.0,407,1.8108108108108107,0.7665847665847666
7.0,471,1.910828025477707,0.7346072186836518
8.0,330,1.709090909090909,0.7848484848484848
9.0,219,1.6666666666666667,0.8082191780821918
10.0,207,1.5797101449275361,0.8309178743961353
11.0,177,1.728813559322034,0.7909604519774012
12.0,155,1.664516129032258,0.8
13.0,189,1.7301587301587302,0.783068783068783
14.0,169,1.5917159763313609,0.8224852071005917
15.0,155,1.7032258064516128,0.7870967741935484
16.0,94,1.6595744680851063,0.8085106382978723
17.0,89,1.6741573033707866,0.7752808988764045
18.0,73,1.726027397260274,0.7808219178082192
19.0,74,1.5135135135135136,0.8648648648648649
20.0,86,1.627906976744186,0.8488372093023255
