purchase_month,n_orders,gmv,aov,late_pct,avg_review
2017-01-01,787,120098.27,152.60263024142313,2.933333333333333,4.198380566801619
2017-02-01,1718,244959.35,142.58402211874272,2.9643073200241985,4.203286670724284
2017-03-01,2617,368341.32,140.74945357279327,4.556166535742341,4.186782746339533
2017-04-01,2377,353842.98,148.8611611274716,6.556665219279201,4.1366812227074234
2017-05-01,3640,503159.19,138.2305467032967,2.990126939351199,4.2354279215240265
2017-06-01,3205,429916.61,134.13934789391575,3.0303030303030303,4.222757955641273
2017-07-01,3946,492287.3,124.75603142422706,2.7892561983471076,4.257938573659552
2017-08-01,4272,568245.79,133.0163366104869,2.909611256856666,4.313085234093638
2017-09-01,4227,621415.91,147.01109770522828,4.385542168674699,4.267605633802817
2017-10-01,4547,660179.62,145.19015174840555,4.17597141581063,4.204903283850652
2017-11-01,7423,1003862.14,135.2731626465436,12.403951701427003,3.988669338123532
2017-12-01,5620,742183.79,132.10818618725526,7.455106112824233,4.088445339681377
2018-01-01,7187,945456.29,131.55089606233477,5.7009478002546325,4.108512762013404
2018-02-01,6625,837895.43,126.49387530193236,14.126620900076277,3.880590133702167
2018-03-01,7168,981051.06,136.8653822544643,18.96330144223904,3.8124640184225678
2018-04-01,6919,993592.98,143.6035525364937,4.501323918799647,4.205864928909953
2018-05-01,6833,992871.75,145.30539294599737,6.563935397836716,4.236387979767926
2018-06-01,6145,863265.53,140.48259235150528,1.1646981627296589,4.307312252964427
2018-07-01,6233,878044.27,140.87025028076368,3.378817413905133,4.317423994769532
2018-08-01,6421,848860.1,132.20060738202773,6.188001889466226,4.310268562401264
