days_late,n_orders,avg_review,low_review_share,side
-20.0,2949,4.36656493726687,0.0793489318413021,On time or early
-19.0,2693,4.358707760861493,0.0787226141849238,On time or early
-18.0,3116,4.330872913992298,0.0885750962772785,On time or early
-17.0,3398,4.336668628605062,0.0856386109476162,On time or early
-16.0,3888,4.3335905349794235,0.0815329218106995,On time or early
-15.0,5318,4.348063181647236,0.0842421963144039,On time or early
-14.0,7090,4.328631875881523,0.0912552891396332,On time or early
-13.0,5926,4.338002024974688,0.0821802227472156,On time or early
-12.0,4526,4.310870525850641,0.0883782589482987,On time or early
-11.0,4592,4.301393728222997,0.0905923344947735,On time or early
-10.0,4618,4.332611520138588,0.0807708964919878,On time or early
-9.0,4606,4.291793313069909,0.0920538428137212,On time or early
-8.0,4800,4.255625,0.0985416666666666,On time or early
-7.0,4815,4.255867082035306,0.0934579439252336,On time or early
-6.0,3603,4.245351096308632,0.0943658062725506,On time or early
-5.0,2208,4.194746376811594,0.1077898550724637,On time or early
-4.0,1903,4.1460851287440885,0.1103520756699947,On time or early
-3.0,1715,4.121282798833819,0.1090379008746355,On time or early
-2.0,1540,4.123376623376624,0.1175324675324675,On time or early
-1.0,1450,4.1579310344827585,0.1103448275862069,On time or early
0.0,1280,4.03359375,0.12421875,On time or early
1.0,820,3.731707317073171,0.1963414634146341,Late
2.0,536,3.1791044776119404,0.3432835820895522,Late
3.0,496,2.683467741935484,0.5040322580645161,Late
4.0,436,2.4977064220183487,0.5596330275229358,Late
5.0,434,2.195852534562212,0.6451612903225806,Late
6.0,407,1.8108108108108107,0.7665847665847666,Late
7.0,471,1.910828025477707,0.7346072186836518,Late
8.0,330,1.709090909090909,0.7848484848484848,Late
9.0,219,1.6666666666666667,0.8082191780821918,Late
10.0,207,1.579710144927536,0.8309178743961353,Late
11.0,177,1.728813559322034,0.7909604519774012,Late
12.0,155,1.664516129032258,0.8,Late
13.0,189,1.7301587301587302,0.783068783068783,Late
14.0,169,1.5917159763313609,0.8224852071005917,Late
15.0,155,1.7032258064516128,0.7870967741935484,Late
16.0,94,1.6595744680851063,0.8085106382978723,Late
17.0,89,1.6741573033707866,0.7752808988764045,Late
18.0,73,1.726027397260274,0.7808219178082192,Late
19.0,74,1.5135135135135136,0.8648648648648649,Late
20.0,86,1.627906976744186,0.8488372093023255,Late
