state,k_days_added,n_orders,late_orders,late_pct,change_in_late_orders,change_in_low_reviews
ALL,-5,96470,14486,15.016067171141287,7952,4123.969704701641
ALL,-4,96470,12569,13.028920908054317,6035,3129.7984366039236
ALL,-3,96470,10838,11.234580698662796,4304,2232.088230512558
ALL,-2,96470,9288,9.627863584534053,2754,1428.2460471262975
ALL,-1,96470,7826,8.112366538820359,1292,670.0413554419667
ALL,0,96470,6534,6.7730900798175595,0,0.0
ALL,1,96470,5709,5.9179019384264535,-825,-427.8514847055902
ALL,2,96470,5164,5.352959469265056,-1370,-710.4927685414043
ALL,3,96470,4664,4.834663625997719,-1870,-969.7966986660044
ALL,4,96470,4211,4.365087591997512,-2323,-1204.7260593588921
ALL,5,96470,3764,3.901731108116513,-2770,-1436.5437728902848
AC,-5,80,6,7.5,3,1.5558235807476009
AC,-4,80,4,5.0,1,0.5186078602492002
AC,-3,80,4,5.0,1,0.5186078602492002
AC,-2,80,4,5.0,1,0.5186078602492002
AC,-1,80,3,3.75,0,0.0
AC,0,80,3,3.75,0,0.0
AC,1,80,2,2.5,-1,-0.5186078602492002
AC,2,80,2,2.5,-1,-0.5186078602492002
AC,3,80,2,2.5,-1,-0.5186078602492002
AC,4,80,2,2.5,-1,-0.5186078602492002
AC,5,80,2,2.5,-1,-0.5186078602492002
AL,-5,397,130,32.7455919395466,45,23.33735371121401
AL,-4,397,124,31.234256926952142,39,20.225706549718808
AL,-3,397,115,28.96725440806045,30,15.558235807476008
AL,-2,397,108,27.20403022670025,23,11.927980785731606
AL,-1,397,95,23.929471032745592,10,5.186078602492002
AL,0,397,85,21.410579345088163,0,0.0
AL,1,397,79,19.8992443324937,-6,-3.1116471614952017
AL,2,397,77,19.395465994962215,-8,-4.148862881993602
AL,3,397,69,17.38035264483627,-16,-8.297725763987204
AL,4,397,57,14.357682619647354,-28,-14.521020086977607
AL,5,397,51,12.846347607052897,-34,-17.63266724847281
AM,-5,145,8,5.517241379310345,4,2.074431440996801
AM,-4,145,8,5.517241379310345,4,2.074431440996801
AM,-3,145,7,4.827586206896552,3,1.5558235807476009
AM,-2,145,6,4.137931034482759,2,1.0372157204984005
AM,-1,145,6,4.137931034482759,2,1.0372157204984005
AM,0,145,4,2.7586206896551726,0,0.0
AM,1,145,3,2.0689655172413794,-1,-0.5186078602492002
AM,2,145,3,2.0689655172413794,-1,-0.5186078602492002
AM,3,145,2,1.3793103448275863,-2,-1.0372157204984005
AM,4,145,2,1.3793103448275863,-2,-1.0372157204984005
AM,5,145,2,1.3793103448275863,-2,-1.0372157204984005
AP,-5,67,3,4.477611940298507,1,0.5186078602492002
AP,-4,67,3,4.477611940298507,1,0.5186078602492002
AP,-3,67,3,4.477611940298507,1,0.5186078602492002
AP,-2,67,3,4.477611940298507,1,0.5186078602492002
AP,-1,67,3,4.477611940298507,1,0.5186078602492002
AP,0,67,2,2.985074626865672,0,0.0
AP,1,67,1,1.492537313432836,-1,-0.5186078602492002
AP,2,67,1,1.492537313432836,-1,-0.5186078602492002
AP,3,67,1,1.492537313432836,-1,-0.5186078602492002
AP,4,67,1,1.492537313432836,-1,-0.5186078602492002
AP,5,67,1,1.492537313432836,-1,-0.5186078602492002
BA,-5,3256,690,21.191646191646193,294,152.47071091326487
BA,-4,3256,625,19.195331695331696,229,118.76119999706685
BA,-3,3256,571,17.536855036855037,175,90.75637554361005
BA,-2,3256,517,15.878378378378379,121,62.75155109015323
BA,-1,3256,457,14.035626535626536,61,31.635079475201216
BA,0,3256,396,12.162162162162161,0,0.0
BA,1,3256,361,11.087223587223587,-35,-18.151275108722007
BA,2,3256,333,10.227272727272727,-63,-32.67229519569962
BA,3,3256,303,9.305896805896806,-93,-48.23053100317562
BA,4,3256,278,8.538083538083539,-118,-61.19572750940563
BA,5,3256,247,7.585995085995086,-149,-77.27257117713084
CE,-5,1279,278,21.735731039874903,102,52.898001745418426
CE,-4,1279,261,20.40656763096169,85,44.08166812118202
CE,-3,1279,238,18.60828772478499,62,32.153687335450414
CE,-2,1279,215,16.810007818608288,39,20.225706549718808
CE,-1,1279,196,15.324472243940578,20,10.372157204984005
CE,0,1279,176,13.760750586395622,0,0.0
CE,1,1279,162,12.666145426114152,-14,-7.260510043488804
CE,2,1279,151,11.806098514464425,-25,-12.965196506230006
CE,3,1279,146,11.415168100078185,-30,-15.558235807476008
CE,4,1279,142,11.102423768569194,-34,-17.63266724847281
CE,5,1279,131,10.242376856919469,-45,-23.33735371121401
DF,-5,2080,283,13.60576923076923,165,85.57029694111804
DF,-4,2080,244,11.73076923076923,126,65.34459039139924
DF,-3,2080,199,9.567307692307692,81,42.00723668018522
DF,-2,2080,162,7.788461538461538,44,22.81874585096481
DF,-1,2080,147,7.0673076923076925,29,15.039627947226807
DF,0,2080,118,5.673076923076923,0,0.0
DF,1,2080,104,5.0,-14,-7.260510043488804
DF,2,2080,89,4.278846153846154,-29,-15.039627947226807
DF,3,2080,79,3.798076923076923,-39,-20.225706549718808
DF,4,2080,63,3.0288461538461537,-55,-28.523432313706014
DF,5,2080,51,2.451923076923077,-67,-34.746726636696415
ES,-5,1995,383,19.19799498746867,169,87.64472838211485
ES,-4,1995,351,17.593984962406015,137,71.04927685414043
ES,-3,1995,311,15.588972431077694,97,50.304962444172425
ES,-2,1995,283,14.185463659147869,69,35.78394235719482
ES,-1,1995,244,12.230576441102757,30,15.558235807476008
ES,0,1995,214,10.726817042606516,0,0.0
ES,1,1995,187,9.3734335839599,-27,-14.002412226728406
ES,2,1995,172,8.62155388471178,-42,-21.78153013046641
ES,3,1995,158,7.919799498746867,-56,-29.042040173955215
ES,4,1995,142,7.117794486215539,-72,-37.33976593794242
ES,5,1995,123,6.165413533834586,-91,-47.193315282677226
GO,-5,1957,284,14.512008175779254,156,80.90282619887523
GO,-4,1957,252,12.876852324987226,124,64.30737467090083
GO,-3,1957,219,11.190597853857946,91,47.193315282677226
GO,-2,1957,185,9.453244762391416,57,29.560648034204416
GO,-1,1957,160,8.175779253960144,32,16.595451527974408
GO,0,1957,128,6.540623403168114,0,0.0
GO,1,1957,109,5.5697496167603475,-19,-9.853549344734805
GO,2,1957,99,5.0587634133878385,-29,-15.039627947226807
GO,3,1957,91,4.6499744506898315,-37,-19.18849082922041
GO,4,1957,81,4.1389882473173225,-47,-24.374569431712413
GO,5,1957,72,3.6791006642820645,-56,-29.042040173955215
MA,-5,717,191,26.638772663877266,66,34.22811877644722
MA,-4,717,178,24.825662482566248,53,27.48621659320761
MA,-3,717,161,22.454672245467226,36,18.66988296897121
MA,-2,717,149,20.78103207810321,24,12.446588645980807
MA,-1,717,141,19.665271966527197,16,8.297725763987204
MA,0,717,125,17.433751743375176,0,0.0
MA,1,717,106,14.783821478382148,-19,-9.853549344734805
MA,2,717,100,13.94700139470014,-25,-12.965196506230006
MA,3,717,92,12.831241283124129,-33,-17.11405938822361
MA,4,717,81,11.297071129707113,-44,-22.81874585096481
MA,5,717,74,10.320781032078104,-51,-26.449000872709213
MG,-5,11354,1165,10.260701074511186,646,335.0206777209834
MG,-4,11354,1018,8.966003170688744,499,258.7853222643509
MG,-3,11354,873,7.688920204333274,354,183.58718252821689
MG,-2,11354,768,6.764135987317245,249,129.13335720205086
MG,-1,11354,637,5.61035758323058,118,61.19572750940563
MG,0,11354,519,4.571076272679232,0,0.0
MG,1,11354,430,3.7872115553989785,-89,-46.156099562178824
MG,2,11354,382,3.3644530561916506,-137,-71.04927685414043
MG,3,11354,339,2.9857319006517526,-180,-93.34941484485604
MG,4,11354,299,2.633433151312313,-220,-114.09372925482405
MG,5,11354,254,2.237097058305443,-265,-137.43108296603808
MS,-5,701,132,18.830242510699,64,33.190903055948816
MS,-4,701,121,17.261055634807416,53,27.48621659320761
MS,-3,701,109,15.549215406562054,41,21.26292227021721
MS,-2,701,93,13.266761768901569,25,12.965196506230006
MS,-1,701,81,11.554921540656206,13,6.7419021832396036
MS,0,701,68,9.70042796005706,0,0.0
MS,1,701,58,8.273894436519258,-10,-5.186078602492002
MS,2,701,49,6.990014265335235,-19,-9.853549344734805
MS,3,701,46,6.562054208273895,-22,-11.409372925482405
MS,4,701,45,6.419400855920114,-23,-11.927980785731606
MS,5,701,38,5.420827389443652,-30,-15.558235807476008
MT,-5,886,102,11.512415349887133,49,25.41178515221081
MT,-4,886,92,10.383747178329571,39,20.225706549718808
MT,-3,886,82,9.255079006772009,29,15.039627947226807
MT,-2,886,72,8.126410835214447,19,9.853549344734805
MT,-1,886,60,6.772009029345372,7,3.630255021744402
MT,0,886,53,5.981941309255079,0,0.0
MT,1,886,48,5.417607223476298,-5,-2.593039301246001
MT,2,886,41,4.6275395033860045,-12,-6.223294322990403
MT,3,886,37,4.176072234762979,-16,-8.297725763987204
MT,4,886,37,4.176072234762979,-16,-8.297725763987204
MT,5,886,35,3.950338600451467,-18,-9.334941484485604
PA,-5,946,163,17.23044397463002,57,29.560648034204416
PA,-4,946,150,15.856236786469344,44,22.81874585096481
PA,-3,946,135,14.27061310782241,29,15.039627947226807
PA,-2,946,126,13.31923890063425,20,10.372157204984005
PA,-1,946,117,12.367864693446089,11,5.704686462741202
PA,0,946,106,11.20507399577167,0,0.0
PA,1,946,100,10.570824524312897,-6,-3.1116471614952017
PA,2,946,96,10.14799154334038,-10,-5.186078602492002
PA,3,946,90,9.513742071881607,-16,-8.297725763987204
PA,4,946,85,8.985200845665961,-21,-10.890765065233206
PA,5,946,78,8.24524312896406,-28,-14.521020086977607
PB,-5,517,90,17.408123791102515,36,18.66988296897121
PB,-4,517,84,16.247582205029012,30,15.558235807476008
PB,-3,517,74,14.313346228239846,20,10.372157204984005
PB,-2,517,66,12.76595744680851,12,6.223294322990403
PB,-1,517,57,11.02514506769826,3,1.5558235807476009
PB,0,517,54,10.444874274661508,0,0.0
PB,1,517,50,9.671179883945841,-4,-2.074431440996801
PB,2,517,45,8.704061895551257,-9,-4.667470742242802
PB,3,517,40,7.7369439071566735,-14,-7.260510043488804
PB,4,517,37,7.156673114119923,-17,-8.816333624236405
PB,5,517,33,6.382978723404255,-21,-10.890765065233206
PE,-5,1593,263,16.509730069052104,110,57.04686462741203
PE,-4,1593,228,14.312617702448211,75,38.89558951869002
PE,-3,1593,213,13.370998116760829,60,31.116471614952015
PE,-2,1593,190,11.927181418706843,37,19.18849082922041
PE,-1,1593,172,10.797237915881984,19,9.853549344734805
PE,0,1593,153,9.6045197740113,0,0.0
PE,1,1593,139,8.725674827369742,-14,-7.260510043488804
PE,2,1593,129,8.097928436911488,-24,-12.446588645980807
PE,3,1593,124,7.784055241682361,-29,-15.039627947226807
PE,4,1593,114,7.1563088512241055,-39,-20.225706549718808
PE,5,1593,105,6.5913370998116765,-48,-24.893177291961614
PI,-5,476,121,25.42016806722689,55,28.523432313706014
PI,-4,476,106,22.26890756302521,40,20.74431440996801
PI,-3,476,95,19.95798319327731,29,15.039627947226807
PI,-2,476,84,17.647058823529413,18,9.334941484485604
PI,-1,476,76,15.966386554621849,10,5.186078602492002
PI,0,476,66,13.865546218487395,0,0.0
PI,1,476,60,12.605042016806722,-6,-3.1116471614952017
PI,2,476,53,11.134453781512605,-13,-6.7419021832396036
PI,3,476,47,9.873949579831933,-19,-9.853549344734805
PI,4,476,42,8.823529411764707,-24,-12.446588645980807
PI,5,476,35,7.352941176470588,-31,-16.076843667725207
PR,-5,4923,520,10.562665041641276,321,166.47312313999328
PR,-4,4923,435,8.836075563680682,236,122.39145501881126
PR,-3,4923,371,7.536055250863295,172,89.20055196286245
PR,-2,4923,306,6.2157221206581355,107,55.49104104666443
PR,-1,4923,246,4.996953077391834,47,24.374569431712413
PR,0,4923,199,4.042250660166565,0,0.0
PR,1,4923,168,3.412553321145643,-31,-16.076843667725207
PR,2,4923,145,2.9453585212268942,-54,-28.004824453456813
PR,3,4923,123,2.498476538695917,-76,-39.41419737893922
PR,4,4923,107,2.1734714604915704,-92,-47.71192314292642
PR,5,4923,96,1.9500304692260817,-103,-53.416609605667624
RJ,-5,12350,2446,19.805668016194332,951,493.19607509698943
RJ,-4,12350,2223,18.0,728,377.5465222614178
RJ,-3,12350,2007,16.251012145748987,512,265.5272244475905
RJ,-2,12350,1843,14.923076923076923,348,180.4755353667217
RJ,-1,12350,1664,13.473684210526315,169,87.64472838211485
RJ,0,12350,1495,12.105263157894736,0,0.0
RJ,1,12350,1372,11.109311740890687,-123,-63.78876681065163
RJ,2,12350,1278,10.348178137651821,-217,-112.53790567407646
RJ,3,12350,1198,9.700404858299596,-297,-154.02653449401248
RJ,4,12350,1122,9.085020242914979,-373,-193.4407318729517
RJ,5,12350,1063,8.607287449392713,-432,-224.0385956276545
RN,-5,474,70,14.767932489451477,26,13.483804366479207
RN,-4,474,65,13.713080168776372,21,10.890765065233206
RN,-3,474,62,13.080168776371307,18,9.334941484485604
RN,-2,474,61,12.869198312236287,17,8.816333624236405
RN,-1,474,51,10.759493670886076,7,3.630255021744402
RN,0,474,44,9.282700421940929,0,0.0
RN,1,474,41,8.649789029535865,-3,-1.5558235807476009
RN,2,474,38,8.016877637130802,-6,-3.1116471614952017
RN,3,474,35,7.383966244725738,-9,-4.667470742242802
RN,4,474,32,6.751054852320675,-12,-6.223294322990403
RN,5,474,30,6.329113924050633,-14,-7.260510043488804
RO,-5,243,14,5.761316872427984,7,3.630255021744402
RO,-4,243,12,4.938271604938271,5,2.593039301246001
RO,-3,243,11,4.526748971193416,4,2.074431440996801
RO,-2,243,9,3.7037037037037037,2,1.0372157204984005
RO,-1,243,7,2.880658436213992,0,0.0
RO,0,243,7,2.880658436213992,0,0.0
RO,1,243,5,2.05761316872428,-2,-1.0372157204984005
RO,2,243,5,2.05761316872428,-2,-1.0372157204984005
RO,3,243,4,1.646090534979424,-3,-1.5558235807476009
RO,4,243,4,1.646090534979424,-3,-1.5558235807476009
RO,5,243,3,1.2345679012345678,-4,-2.074431440996801
RR,-5,41,7,17.073170731707318,2,1.0372157204984005
RR,-4,41,6,14.634146341463415,1,0.5186078602492002
RR,-3,41,5,12.195121951219512,0,0.0
RR,-2,41,5,12.195121951219512,0,0.0
RR,-1,41,5,12.195121951219512,0,0.0
RR,0,41,5,12.195121951219512,0,0.0
RR,1,41,5,12.195121951219512,0,0.0
RR,2,41,5,12.195121951219512,0,0.0
RR,3,41,5,12.195121951219512,0,0.0
RR,4,41,5,12.195121951219512,0,0.0
RR,5,41,4,9.75609756097561,-1,-0.5186078602492002
RS,-5,5344,655,12.256736526946108,330,171.1405938822361
RS,-4,5344,584,10.928143712574851,259,134.31943580454288
RS,-3,5344,506,9.468562874251496,181,93.86802270510525
RS,-2,5344,444,8.308383233532934,119,61.714335369654826
RS,-1,5344,382,7.1482035928143715,57,29.560648034204416
RS,0,5344,325,6.081586826347305,0,0.0
RS,1,5344,292,5.4640718562874255,-33,-17.11405938822361
RS,2,5344,267,4.99625748502994,-58,-30.079255894453613
RS,3,5344,242,4.528443113772455,-83,-43.04445240068362
RS,4,5344,231,4.322604790419161,-94,-48.749138863424825
RS,5,5344,210,3.929640718562874,-115,-59.63990392865803
SC,-5,3546,586,16.52566271855612,295,152.98931877351407
SC,-4,3546,514,14.495205865764241,223,115.64955283557165
SC,-3,3546,459,12.944162436548224,168,87.12612052186564
SC,-2,3546,406,11.449520586576424,115,59.63990392865803
SC,-1,3546,346,9.75747320924986,55,28.523432313706014
SC,0,3546,291,8.20642978003384,0,0.0
SC,1,3546,241,6.79639029892837,-50,-25.930393012460012
SC,2,3546,225,6.345177664974619,-66,-34.22811877644722
SC,3,3546,200,5.640157924421884,-91,-47.193315282677226
SC,4,3546,180,5.0761421319796955,-111,-57.565472487661225
SC,5,3546,152,4.286520022560632,-139,-72.08649257463884
SE,-5,335,70,20.895522388059703,19,9.853549344734805
SE,-4,335,65,19.402985074626866,14,7.260510043488804
SE,-3,335,62,18.507462686567163,11,5.704686462741202
SE,-2,335,54,16.119402985074625,3,1.5558235807476009
SE,-1,335,51,15.223880597014926,0,0.0
SE,0,335,51,15.223880597014926,0,0.0
SE,1,335,48,14.328358208955224,-3,-1.5558235807476009
SE,2,335,44,13.134328358208956,-7,-3.630255021744402
SE,3,335,43,12.835820895522389,-8,-4.148862881993602
SE,4,335,41,12.238805970149254,-10,-5.186078602492002
SE,5,335,39,11.64179104477612,-12,-6.223294322990403
SP,-5,40494,5777,14.266311058428409,3957,2052.1313030060855
SP,-4,40494,4771,11.781992393934903,2951,1530.41179559539
SP,-3,40494,3903,9.638464957771522,2083,1080.2601728990842
SP,-2,40494,3088,7.625821109300143,1268,657.594766795986
SP,-1,40494,2387,5.894700449449301,567,294.0506567612965
SP,0,40494,1820,4.494493011310317,0,0.0
SP,1,40494,1514,3.7388255050130885,-306,-158.69400523625526
SP,2,40494,1314,3.244925174099867,-506,-262.4155772860953
SP,3,40494,1128,2.7855978663505705,-692,-358.87663929244655
SP,4,40494,962,2.3756605916925966,-858,-444.96554409381383
SP,5,40494,820,2.024991356744209,-1000,-518.6078602492003
TO,-5,274,49,17.883211678832115,22,11.409372925482405
TO,-4,274,45,16.423357664233578,18,9.334941484485604
TO,-3,274,43,15.693430656934307,16,8.297725763987204
TO,-2,274,41,14.963503649635037,14,7.260510043488804
TO,-1,274,35,12.773722627737227,8,4.148862881993602
TO,0,274,27,9.854014598540147,0,0.0
TO,1,274,24,8.75912408759124,-3,-1.5558235807476009
TO,2,274,21,7.664233576642336,-6,-3.1116471614952017
TO,3,274,20,7.299270072992701,-7,-3.630255021744402
TO,4,274,19,6.934306569343065,-8,-4.148862881993602
TO,5,274,15,5.474452554744525,-12,-6.223294322990403
