state,region,n_orders,gmv,aov,late_pct,avg_review,avg_delivery_days,avg_promised_days,state_name,country
AC,North,81,15982.95,197.32037037037037,3.75,4.0875,21.0,41.76543209876543,Acre,Brazil
AL,Northeast,411,80314.81,195.41316301703162,21.410579345088163,3.847715736040609,24.50125944584383,33.18734793187348,Alagoas,Brazil
AM,North,147,22356.84,152.0873469387755,2.7586206896551726,4.243055555555555,26.358620689655172,45.857142857142854,Amazonas,Brazil
AP,North,68,13474.3,198.1514705882353,2.985074626865672,4.242424242424242,27.17910447761194,46.705882352941174,Amapa,Brazil
BA,Northeast,3344,507108.83,151.6473773923445,12.162162162162161,3.9296995973985753,19.278562653562652,30.0319976076555,Bahia,Brazil
CE,Northeast,1323,226264.06,171.02347694633409,13.760750586395622,3.9442262372348784,21.200156372165754,31.953136810279666,Ceara,Brazil
DF,Centre-West,2121,300886.45,141.92757075471698,5.673076923076923,4.131400966183575,12.899038461538462,25.055162659123056,Distrito Federal,Brazil
ES,Southeast,2018,273532.13,135.54614965312192,10.726817042606516,4.078720162519045,15.723809523809523,26.254212091179387,Espirito Santo,Brazil
GO,Centre-West,1998,287870.46,144.0793093093093,6.540623403168114,4.103802672147996,15.536024527337762,27.72022022022022,Goias,Brazil
MA,Northeast,736,119291.62,162.0810054347826,17.433751743375176,3.832865168539326,21.511854951185494,31.088315217391305,Maranhao,Brazil
MG,Southeast,11496,1573508.2,136.87440848990954,4.571076272679232,4.192290651307045,11.944953320415712,25.21590118302018,Minas Gerais,Brazil
MS,Centre-West,708,116754.65,164.907697740113,9.70042796005706,4.161659513590844,15.544935805991441,26.625706214689266,Mato Grosso do Sul,Brazil
MT,Centre-West,902,156313.53,173.29659645232815,5.981941309255079,4.145620022753128,18.003386004514674,32.42128603104213,Mato Grosso,Brazil
PA,North,969,178821.12,184.54191950464397,11.20507399577167,3.9142550911039655,23.725158562367866,37.785345717234264,Para,Brazil
PB,Northeast,531,114874.1,216.33540489642184,10.444874274661508,4.076171875,20.38878143133462,33.610169491525426,Paraiba,Brazil
PE,Northeast,1643,261739.94,159.30611077297627,9.6045197740113,4.082963901203293,18.3954802259887,31.797321972002436,Pernambuco,Brazil
PI,Northeast,490,86660.09,176.85732653061226,13.865546218487395,3.9936305732484074,19.394957983193276,30.726530612244897,Piaui,Brazil
PR,South,4983,676883.06,135.86572862304294,4.042250660166565,4.239795918367347,11.938045906967297,25.2560706401766,Parana,Brazil
RJ,Southeast,12698,1811623.42,142.68121761045916,12.105263157894736,3.965440995823438,15.237004048582996,27.00173255630808,Rio de Janeiro,Brazil
RN,Northeast,482,83034.98,172.2717427385892,9.282700421940929,4.150743099787686,19.223628691983123,32.86929460580913,Rio Grande do Norte,Brazil
RO,North,246,46031.64,187.12048780487805,2.880658436213992,4.1652892561983474,19.28395061728395,39.357723577235774,Rondonia,Brazil
RR,North,45,7739.44,171.98755555555556,12.195121951219512,3.902439024390244,29.341463414634145,47.08888888888889,Roraima,Brazil
RS,South,5417,742559.78,137.13015327793167,6.081586826347305,4.184754036800601,15.248502994011975,29.199187742292782,Rio Grande do Sul,Brazil
SC,South,3600,518578.28,144.08954709641566,8.20642978003384,4.133560670645069,14.902989283699943,26.422777777777778,Santa Catarina,Brazil
SE,Northeast,345,58920.85,170.7850724637681,15.223880597014926,3.907185628742515,21.46268656716418,31.405797101449277,Sergipe,Brazil
SP,Southeast,41127,5163867.22,125.56516036474164,4.494493011310317,4.245765658371828,8.70057292438386,19.817054489751257,Sao Paulo,Brazil
TO,North,278,49407.99,177.72658273381296,9.854014598540147,4.153846153846154,17.598540145985403,29.79136690647482,Tocantins,Brazil
